<?xml version="1.0" encoding="UTF-8"?>
<project-private xmlns="http://www.netbeans.org/ns/project-private/1">
    <editor-bookmarks xmlns="http://www.netbeans.org/ns/editor-bookmarks/2" lastBookmarkId="0"/>
    <open-files xmlns="http://www.netbeans.org/ns/projectui-open-files/2">
        <group>
            <file>file:/D:/Datos/FomJSP/web/BienVenido.jsp</file>
            <file>file:/D:/Datos/FomJSP/web/UsuarioDenegado.jsp</file>
            <file>file:/D:/Datos/FomJSP/src/java/Servlets/EmpleadoController.java</file>
            <file>file:/D:/Datos/FomJSP/src/java/Clases/Empleado.java</file>
            <file>file:/D:/Datos/FomJSP/src/java/Servlets/Session.java</file>
            <file>file:/D:/Datos/FomJSP/web/index.jsp</file>
        </group>
    </open-files>
</project-private>
